	Feature	Coefficient
779	msp_0864	0.007200331135524967
1855	msp_2603	0.006560584107132084
1625	msp_2238	0.005994458444325677
1940	msp_2859	0.0057390774356740025
1623	msp_2236	0.005593417356129265
1608	msp_2219	0.005365662815238641
1689	msp_2324	0.005190694044346938
1697	msp_2339	0.004851457141811574
1009	msp_1144c	0.004818090189915056
1737	msp_2392	0.004816661560454685
1765	msp_2433	0.004816516605801214
1155	msp_1341	0.004769825333365491
1875	msp_2646	0.0040857481092092425
24	msp_0025	0.003950122240917279
244	msp_0261	0.003929951591879522
1582	msp_1456c	0.0038959952862400397
1624	msp_2237	0.003819546025602378
1823	msp_2545	0.0037311226753966994
1742	msp_2397	0.0037239889908739997
1915	msp_2802	0.0037035548894332683
1695	msp_2335	0.003687156974622067
1607	msp_2218	0.0036292185081462348
471	msp_0511	0.0034670593292636465
373	msp_0403	0.003409720823413653
1963	msp_2911	0.003306710722512993
1714	msp_2362	0.003211270447067342
1722	msp_2372	0.003184277713091402
1515	msp_1941	0.0031663435823611166
1629	msp_2244	0.0031527260814802325
874	msp_0980	0.0031036608099691216
1885	msp_2675	0.0031036608099691216
1924	msp_2830	0.0031036608099691216
1236	msp_1454	0.0031036608099691216
1946	msp_2872	0.0031036608099691216
303	msp_0328	0.0030652044244250443
1845	msp_2587	0.003034377993973522
1859	msp_2617	0.0030177327295225057
588	msp_0643	0.002979618726996837
1589	msp_1785	0.0029733890110308107
1639	msp_2256	0.002967509373336641
1934	msp_2847	0.0028034986228036877
161	msp_0174	0.002785087024441276
1789	msp_2482	0.002727609634756553
1604	msp_2215	0.002716358160539604
1748	msp_2406	0.0026370596057217334
1849	msp_2593	0.002619287536632269
1693	msp_2333	0.0026020877049710463
1830	msp_2558	0.002543744685184389
1609	msp_2220	0.0024927065422885994
1802	msp_2505	0.0024764811944643383
1899	msp_2716	0.002452441588521976
1706	msp_2349	0.00243810163721793
1664	msp_2286	0.002433516631807439
1439	msp_1782	0.00243223905616691
1666	msp_2289	0.0024029573050246933
377	msp_0408	0.0023826836160480897
1614	msp_2226	0.0023726307806759264
36	msp_0039	0.002364235132497435
1896	msp_2699	0.0022964148801745505
1929	msp_2839	0.002277486263290144
1980	msp_2936	0.002274765571133831
240	msp_0257	0.002249215553387012
1882	msp_2666	0.002237829994879911
1635	msp_2252	0.002235262163595252
1862	msp_2622	0.002231418795844339
1103	msp_1268	0.002218329064968373
1253	msp_1474	0.002209137045491719
1668	msp_2292	0.0021627876600232975
1992	msp_2958	0.002148091090378121
1987	msp_2945	0.0021370340848140177
1751	msp_2409	0.0021344876661433315
828	msp_0925	0.002124633973497201
1835	msp_2564	0.00211848108867585
1572	msp_0935	0.002115368874573953
1930	msp_2842	0.0020822009716096367
37	msp_0040	0.0020770670878160896
1646	msp_2263	0.0020718074266844193
210	msp_0226	0.0020612430833916056
1200	msp_1399	0.0020513195745616246
711	msp_0785	0.0020513195745616246
665	msp_0734	0.0020513195745616246
1205	msp_1405	0.0020171037974813493
617	msp_0675	0.002006729411098193
959	msp_1086	0.0019487724463702466
364	msp_0393	0.0018802832661075877
457	msp_0497	0.001873181314420921
1744	msp_2399	0.0018701659864693474
933	msp_1053	0.0018697784388150044
781	msp_0867	0.0018534420996456484
1775	msp_2451	0.0018434627080892007
529	msp_0577	0.0018361135282455574
967	msp_1096	0.0018361135282455574
1054	msp_1202	0.0018361135282455574
521	msp_0569	0.0018361135282455574
1860	msp_2619	0.0018361135282455574
746	msp_0826	0.0018361135282455574
490	msp_0535	0.0018248236413183083
278	msp_0300	0.001816432531506937
1638	msp_2255	0.0017985765388186315
915	msp_1031	0.0017812646066988882
1754	msp_2418	0.001762588930369232
284	msp_0306	0.0017615315299638321
1933	msp_2846	0.001761033607503964
1030	msp_1170	0.001761033607503964
1605	msp_2216	0.0017528984846953688
1894	msp_2697	0.0017347619156056764
1658	msp_2276	0.0017345383295125972
1731	msp_2384	0.0017264660096902669
1909	msp_2779	0.0017052016014468198
1579	msp_1234	0.0016658038599931526
1840	msp_2578	0.0016653688839962431
1107	msp_1274	0.001661120880036369
1954	msp_2886	0.0016563784359702846
1785	msp_2477	0.0016465516703578328
1944	msp_2868	0.001638654870576665
639	msp_0701	0.0016253043866692495
891	msp_1003	0.0016202412397004595
1644	msp_2261	0.0016069397195301327
1552	msp_2159	0.0016053934115940955
1979	msp_2935	0.0015913785287046734
1471	msp_1869	0.0015857736764134335
384	msp_0416	0.0015650611284525322
1839	msp_2569	0.001560592939597938
1768	msp_2438	0.0015491644163618335
1969	msp_2920	0.0015391710744582518
191	msp_0205	0.0015367121484599422
1467	msp_1862	0.0015339643404074447
935	msp_1056	0.0015258322614219093
195	msp_0209	0.0015237840976408995
681	msp_0754c	0.0015209439484059567
669	msp_0739c	0.0015172902732102974
1776	msp_2452	0.0015109901757561375
1591	msp_1787	0.0015104306183737586
1910	msp_2780	0.0015088136839061029
660	msp_0728	0.0014888170263010674
57	msp_0061	0.0014829222097545453
573	msp_0628	0.0014727511333485798
131	msp_0140	0.0014678702777686874
582	msp_0637	0.0014617348478346023
176	msp_0189	0.0014540562361256436
886	msp_0995	0.00145401440699243
1916	msp_2810	0.001448779718750532
625	msp_0685	0.0014442808971860714
121	msp_0130	0.0014421911351820472
1732	msp_2385	0.0014341802191637498
1978	msp_2934	0.0014217023428549338
1256	msp_1479	0.0014167920873820903
1801	msp_2504	0.0014117078337401458
431	msp_0466	0.0014108197960056039
497	msp_0542	0.0013994336753967523
493	msp_0538	0.001396176529369683
5	msp_0006	0.0013781665721369972
423	msp_0458	0.0013766695430776318
511	msp_0559	0.0013746122000312714
135	msp_0144	0.0013654340656848122
1848	msp_2591	0.0013472776943170373
1927	msp_2837	0.0013472776943170373
847	msp_0948	0.0013355653982191395
282	msp_0304	0.001333844133003124
98	msp_0105	0.0013280053656123524
759	msp_0841	0.0013226242504724324
1967	msp_2916	0.0013047420652503954
844	msp_0945	0.0012996688950098515
1990	msp_2949	0.0012975441732795247
961	msp_1089	0.001290542284559055
1734	msp_2389	0.0012896533666166225
1786	msp_2478	0.0012819375815850615
956	msp_1082	0.001260549070067579
1919	msp_2819	0.0012568002343974869
1791	msp_2484	0.001246397046202877
1709	msp_2356	0.0012402837334277402
1047	msp_1193	0.0012401117831294288
1702	msp_2345	0.0012373773372535174
319	msp_0345	0.001236975678516201
1821	msp_2541	0.0012294726971749954
1687	msp_2322	0.0012269108101406654
1645	msp_2262	0.00121860201386472
114	msp_0123	0.001214179911894104
992	msp_1125	0.0011942260516595775
1655	msp_2273	0.0011912945925918893
1679	msp_2307	0.0011876078514225785
1618	msp_2230	0.0011875693720293343
1653	msp_2271	0.0011821621237801418
1683	msp_2315	0.0011811167951418196
1395	msp_1697	0.0011809497651174164
40	msp_0043	0.0011724024046061465
1866	msp_2629	0.001166583167737963
163	msp_0176	0.0011646924507760427
476	msp_0517	0.0011618859841663433
1011	msp_1146	0.0011554394680771156
420	msp_0455	0.0011551149628197081
239	msp_0256	0.0011538199801202095
297	msp_0322	0.0011512898140879136
536	msp_0585	0.001138616873290682
679	msp_0751	0.0011349117370943198
1420	msp_1744	0.0011340934106743108
988	msp_1120	0.0011305172642050929
213	msp_0229	0.001107863474788679
1154	msp_1340	0.001096433040604008
1082	msp_1240	0.001096433040604008
562	msp_0617	0.001096433040604008
587	msp_0642	0.001096433040604008
712	msp_0787	0.001096433040604008
1266	msp_1494c	0.001096433040604008
628	msp_0689	0.0010907957165928492
1387	msp_1682c	0.0010848982404575809
374	msp_0404	0.0010801299453074159
1871	msp_2636	0.0010772699091471777
542	msp_0594	0.0010743784530334575
594	msp_0650	0.001071813783723048
1003	msp_1138	0.0010681319656729116
677	msp_0749	0.0010522783441981522
1640	msp_2257	0.0010521403678132593
1712	msp_2359	0.0010507634760491464
1678	msp_2306	0.0010507634760491464
1877	msp_2649	0.0010507634760491464
1951	msp_2883	0.0010507634760491464
1601	msp_2212	0.0010507634760491464
1853	msp_2599	0.0010507634760491464
1790	msp_2483	0.0010507634760491464
1972	msp_2925	0.001048009850134469
1594	msp_1793	0.0010446086837363902
1836	msp_2565	0.0010380445235918072
429	msp_0464	0.0010301897986532142
1336	msp_1608c	0.0010197330185539655
1851	msp_2596	0.001016115765528118
31	msp_0034	0.001012836007409941
397	msp_0431	0.0010046510561408813
1905	msp_2728	0.0010043048114562409
1698	msp_2341	0.0009952359862717304
1665	msp_2287	0.0009939535652189876
1398	msp_1700	0.0009870458940741613
448	msp_0487	0.0009869027358543365
393	msp_0426	0.0009814559296022962
307	msp_0333	0.0009763385827345829
832	msp_0929	0.0009754954299848667
1813	msp_2524	0.0009640749172742167
1146	msp_1329	0.0009634521715757558
775	msp_0859	0.0009618966137828146
780	msp_0865	0.0009605531582596549
1341	msp_1617	0.0009377222148769227
963	msp_1091	0.0009375458968623147
1123	msp_1295	0.0009375458968623147
1364	msp_1655c	0.0009375458968623147
1585	msp_1523	0.0009375458968623147
1463	msp_1855	0.0009375458968623147
1027	msp_1166	0.0009375458968623147
526	msp_0574c	0.0009375458968623147
387	msp_0419	0.0009169641831313967
1617	msp_2229	0.0009150873295070717
1309	msp_1564	0.0009063394441441115
1962	msp_2909	0.0008923191692126906
92	msp_0098	0.0008659483362385428
739	msp_0818	0.0008611128931384938
1936	msp_2850	0.0008587278213838434
1808	msp_2514	0.0008465794072876056
248	msp_0265	0.0008414926209048707
1725	msp_2376	0.0008379510531683665
347	msp_0375	0.0008374012470563211
527	msp_0575	0.0008366838469022943
953	msp_1077	0.0008320245699293267
1098	msp_1259c	0.0008298663267699189
1941	msp_2862	0.0008298663267699189
99	msp_0106	0.0008271585636614719
699	msp_0773	0.0008212647381432491
9	msp_0010	0.0008197839415640644
508	msp_0555	0.000816207509870783
1767	msp_2436	0.0008112490110916714
957	msp_1084	0.0007851402954804291
557	msp_0612	0.0007821466699860235
1727	msp_2378	0.0007798163111451603
1319	msp_1579c	0.0007757626465994643
1743	msp_2398	0.0007687271404416872
1736	msp_2391	0.0007670750116859494
1888	msp_2681	0.0007631107294462457
293	msp_0317	0.0007570383403498711
1035	msp_1176	0.0007530474044990905
771	msp_0854	0.0007495469998093212
1977	msp_2931	0.0007465876534771895
1394	msp_1696c	0.0007396182809743257
1803	msp_2509	0.0007367570834569125
1250	msp_1471c	0.000732417488238189
1422	msp_1747	0.0007242951953282073
560	msp_0615	0.0007233342993620611
14	msp_0015	0.0007186238240650973
483	msp_0527	0.0007151318140733104
1096	msp_1257	0.0007128758248897409
1019	msp_1158	0.000712687465865367
160	msp_0173	0.0007102259306473467
261	msp_0279	0.0007096124726568625
77	msp_0081	0.0007039462769657204
1989	msp_2947	0.0006906874870407761
1718	msp_2366	0.0006906874870407761
1971	msp_2923	0.0006906874870407761
1669	msp_2293	0.0006906874870407761
1656	msp_2274	0.0006906874870407761
703	msp_0777	0.000690522722364251
1599	msp_1808	0.0006817755822988417
922	msp_1042	0.0006794265528903737
1945	msp_2869	0.0006704688610953145
1269	msp_1502	0.0006698328322665516
49	msp_0053	0.0006664921842659876
1288	msp_1531c	0.0006658988426805776
417	msp_0452	0.0006578076843931083
381	msp_0412	0.0006523453301907129
1203	msp_1403	0.0006479114488448127
391	msp_0424	0.0006464396502517593
32	msp_0035	0.0006461014618580198
1817	msp_2535	0.0006460560778309777
799	msp_0890c	0.0006434525463233512
1781	msp_2462	0.0006429422828259236
1122	msp_1293	0.0006399520862526336
1442	msp_1799	0.0006345773261474551
1793	msp_2492	0.0006344619611855109
572	msp_0627	0.0006312786869475765
288	msp_0311	0.0006297287263627943
604	msp_0660	0.0006273033910082501
533	msp_0581	0.000616060843162644
421	msp_0456	0.0006159329876665865
1372	msp_1665	0.0006141078210039224
1647	msp_2265	0.0006122561403387705
1430	msp_1767	0.0006082063784992644
852	msp_0953	0.0006025824095222312
1580	msp_1327	0.0006010278477472947
1824	msp_2550	0.000594389757724702
289	msp_0312	0.0005878552808725597
742	msp_0821	0.0005815453803668902
1705	msp_2348	0.0005765971883630353
512	msp_0560	0.0005753134680621411
1673	msp_2297	0.0005732222361384805
887	msp_0996	0.000570161603454662
1087	msp_1246	0.0005685118622641264
1306	msp_1558	0.0005666997465826284
1400	msp_1705	0.0005529114209159587
451	msp_0490	0.0005522398792473434
1561	msp_0197	0.0005500690896781977
705	msp_0779	0.0005476970302171074
1684	msp_2317	0.0005461976480728284
620	msp_0678	0.0005447457017826727
1070	msp_1222	0.0005440391212360857
1322	msp_1587	0.0005422541295497396
463	msp_0503	0.0005221785989022055
551	msp_0604	0.0005186463092113709
263	msp_0281	0.0005114517755521203
1850	msp_2594	0.0005101928109137914
1438	msp_1780c	0.0005094706988091969
365	msp_0395	0.0005052122771907957
1715	msp_2363	0.0005022077287225538
1462	msp_1854	0.0004967194894501703
1446	msp_1820	0.0004959014379338723
203	msp_0218	0.0004920186777977571
801	msp_0892	0.0004858599184640703
78	msp_0083	0.0004844909385383592
1234	msp_1451	0.0004813774901109336
1741	msp_2396	0.00047640982521636194
1592	msp_1789	0.0004720738827205306
1220	msp_1432	0.0004691088801053805
800	msp_0891	0.0004668057971841132
1017	msp_1155	0.00046588150827123166
1329	msp_1599	0.000462429662843738
1209	msp_1410	0.0004557903400134556
1879	msp_2658	0.000451770383844159
259	msp_0277	0.00044810193744431397
827	msp_0924	0.00044781185894405423
1675	msp_2301	0.000447511741865972
1489	msp_1901	0.0004460633278757074
1667	msp_2291	0.00044434987510568857
1443	msp_1814	0.00044116641516740783
71	msp_0075	0.00043992087660750843
1834	msp_2563	0.0004329436153625265
1719	msp_2368	0.00042779938906270423
480	msp_0524	0.0004275061846594868
1067	msp_1219	0.00042470117616255534
626	msp_0686	0.0004208512613203577
1020	msp_1159	0.0004207124016133292
678	msp_0750	0.0004205399789245015
1410	msp_1723	0.00041992889397443205
1621	msp_2234	0.00041959454489465963
728	msp_0806	0.0004176323979555493
50	msp_0054	0.0004084117540464841
1337	msp_1609c	0.0004065988164419013
1051	msp_1198	0.00039847967555797044
291	msp_0315	0.00039271682622455344
1745	msp_2400	0.00039105345632149414
590	msp_0645	0.00038749305021157913
1796	msp_2495	0.0003873363119064569
541	msp_0592	0.00038696395924053974
354	msp_0383	0.0003842877788443094
292	msp_0316	0.0003832632472333612
317	msp_0343	0.000382291654062856
434	msp_0469c	0.00038205070499659457
1700	msp_2343	0.0003757024492319849
509	msp_0556	0.00037064769780943425
146	msp_0157	0.00036267350508919864
1429	msp_1766	0.000353965234544097
1858	msp_2613	0.00035281980270627584
701	msp_0775	0.0003509837830278093
454	msp_0493	0.00034620781085739383
1968	msp_2919	0.00034195621581919935
1606	msp_2217	0.0003384891405453345
315	msp_0341	0.00033663193871138434
546	msp_0598	0.00033628265838782535
723	msp_0800	0.000335630154836573
1583	msp_1477	0.00033523918938867264
1259	msp_1483	0.0003307147730951925
444	msp_0479	0.00032771525952485946
335	msp_0362	0.0003222458124379173
129	msp_0138	0.0003209579013805919
619	msp_0677c	0.0003191822293669418
873	msp_0979	0.00030990247529605265
785	msp_0872	0.0003098482038218019
683	msp_0757	0.00030455432115274677
107	msp_0114	0.0003026479309760248
1282	msp_1525	0.0003017341016692029
667	msp_0737	0.000300878028762402
151	msp_0162	0.0002915328122742893
1468	msp_1864	0.0002910496440930808
906	msp_1019	0.0002821356819997215
28	msp_0031	0.00028169019287666583
351	msp_0379	0.0002800489596164666
858	msp_0960	0.0002746960725734255
1229	msp_1443	0.0002729558883221166
496	msp_0541	0.00026629866027801547
857	msp_0959	0.00026579965885082166
1343	msp_1621	0.00026247318436905013
1562	msp_0212	0.00026223116272731034
923	msp_1043	0.00026084275825886516
504	msp_0551	0.0002575487614712998
1079	msp_1237	0.00025686796479200093
1922	msp_2828	0.0002545155182069477
1943	msp_2867	0.0002545155182069477
325	msp_0352	0.0002524916466472442
1863	msp_2623	0.0002491822160050339
1716	msp_2364	0.00024794469005002986
1800	msp_2502	0.0002451975669366659
1598	msp_1805	0.00024280270826435631
1622	msp_2235	0.00024111452631890579
38	msp_0041	0.0002401496777174128
1570	msp_0715c	0.00023778719564248796
583	msp_0638	0.0002369692714003538
1783	msp_2469	0.00023455720191556487
1774	msp_2450	0.0002335509975106683
544	msp_0596	0.00023155346663040411
1690	msp_2329	0.00022960095438622857
85	msp_0090	0.00022653328281370744
15	msp_0016	0.00022569732251812895
580	msp_0635	0.00021935245026686323
995	msp_1128	0.00021634723801248232
206	msp_0222	0.000213667351658892
260	msp_0278	0.0002118847611728889
1559	msp_0030	0.00020794200599340894
179	msp_0192	0.0002056188239486597
243	msp_0260	0.00019954145803608106
1278	msp_1519	0.0001982950849366321
707	msp_0781	0.00019292581879168516
1052	msp_1200	0.00018924129345068705
89	msp_0095	0.0001846422939921769
109	msp_0117	0.00018359262069594725
39	msp_0042	0.00017658818689717163
942	msp_1063c	0.00016725005795295138
921	msp_1041	0.0001648555533617528
613	msp_0671	0.0001627385944718244
1893	msp_2694	0.0001620144848063155
601	msp_0657	0.00016161996616664858
1198	msp_1397c	0.00015581512293509706
137	msp_0146c	0.0001521885409855434
818	msp_0911	0.00015201957238948443
458	msp_0498	0.00015103378835570108
839	msp_0939	0.00015083127055918522
252	msp_0270	0.00015077611588968596
530	msp_0578	0.0001504125023904969
273	msp_0294	0.00014980598513974184
274	msp_0296	0.00014539815392678037
1048	msp_1195	0.0001383307920041762
1587	msp_1702	0.0001342490854128749
1004	msp_1139	0.00013309100574240392
42	msp_0045	0.00012911716044265584
642	msp_0705	0.00012878045398538384
270	msp_0290	0.00012249795440302816
500	msp_0546	0.00012176713393335533
958	msp_1085	0.00010664441061490089
177	msp_0190	0.00010495417713727217
221	msp_0238	9.81239898565247e-05
378	msp_0409	9.678022177689271e-05
334	msp_0361	9.20205498256039e-05
1304	msp_1556	8.40094102373186e-05
437	msp_0472	8.073674481488741e-05
1651	msp_2269	7.858760444482916e-05
733	msp_0811	7.823434880973042e-05
581	msp_0636	7.822075637659237e-05
1643	msp_2260	7.500350455370791e-05
460	msp_0500	7.404934992291205e-05
1761	msp_2427	7.18721279295103e-05
1805	msp_2511	7.068046000552092e-05
94	msp_0100	7.058311494544009e-05
864	msp_0967	6.874384146029569e-05
812	msp_0904	6.816797974495834e-05
893	msp_1005	6.598207211123204e-05
987	msp_1118	6.507904008653787e-05
1964	msp_2912	6.143479387186643e-05
962	msp_1090	6.029743449162866e-05
883	msp_0990	5.771750173580166e-05
1219	msp_1428	5.5179095095395725e-05
383	msp_0414	5.039275957463844e-05
1730	msp_2381	5.006411731822339e-05
1949	msp_2881	4.822213832619798e-05
917	msp_1033	4.819485311289829e-05
1577	msp_1156	4.802558152741536e-05
682	msp_0756	4.7538686632835135e-05
1772	msp_2442	4.4341255323552924e-05
691	msp_0765	4.373445555728566e-05
755	msp_0837	4.3216542493921293e-05
1650	msp_2268	4.219631462219161e-05
290	msp_0314	4.2007798562011425e-05
1044	msp_1188	3.951442051227637e-05
1777	msp_2453	3.680158231731998e-05
1923	msp_2829	3.562147666483997e-05
283	msp_0305	2.4328847033229555e-05
787	msp_0874	2.290048738476024e-05
651	msp_0719	2.170331782893724e-05
1162	msp_1351	2.006961029391141e-05
1938	msp_2854	1.8906701479494238e-05
889	msp_1001	1.8649512941632376e-05
1710	msp_2357	1.5767427960426432e-05
1806	msp_2512	1.568534277820032e-05
1903	msp_2726	1.5356155542126054e-05
1898	msp_2715	1.3764523731532496e-05
1327	msp_1596	1.2509347750397466e-05
416	msp_0451	7.407149028219162e-06
1759	msp_2424	2.992637519002964e-06
35	msp_0038	7.370466184987708e-07
1206	msp_1407	3.662930324032542e-10
1511	msp_1936	3.662930324032542e-10
784	msp_0871	3.662930324032542e-10
1535	msp_1991	3.662930324032542e-10
349	msp_0377	3.662930324032542e-10
1501	msp_1923	3.662930324032542e-10
1050	msp_1197	0.0
1762	msp_2428	0.0
1055	msp_1203	0.0
1769	msp_2439	0.0
1059	msp_1209	0.0
1807	msp_2513	0.0
1770	msp_2440	0.0
1771	msp_2441	0.0
1787	msp_2480	0.0
1799	msp_2500	0.0
1022	msp_1161	0.0
1024	msp_1163	0.0
1025	msp_1164	0.0
1780	msp_2459	0.0
1026	msp_1165	0.0
1794	msp_2493	0.0
1028	msp_1167	0.0
1043	msp_1187	0.0
1060	msp_1210	0.0
1782	msp_2465	0.0
1041	msp_1184	0.0
1784	msp_2471	0.0
1034	msp_1175	0.0
1023	msp_1162	0.0
1421	msp_1745	0.0
1061	msp_1211	0.0
1065	msp_1217	0.0
1106	msp_1271	0.0
1721	msp_2371	0.0
1713	msp_2361	0.0
1109	msp_1276	0.0
1111	msp_1280	0.0
1708	msp_2355	0.0
1113	msp_1283	0.0
1703	msp_2346	0.0
1115	msp_1285	0.0
1699	msp_2342	0.0
1116	msp_1286	0.0
1118	msp_1288	0.0
1119	msp_1290	0.0
1696	msp_2336	0.0
1692	msp_2332	0.0
1128	msp_1304	0.0
1130	msp_1307	0.0
1726	msp_2377	0.0
1733	msp_2387	0.0
1100	msp_1262	0.0
1753	msp_2416	0.0
1758	msp_2422	0.0
1757	msp_2421	0.0
1755	msp_2419	0.0
1074	msp_1230	0.0
1809	msp_2515	0.0
1075	msp_1231	0.0
1076	msp_1232	0.0
1077	msp_1235	0.0
1735	msp_2390	0.0
1752	msp_2410	0.0
1081	msp_1239	0.0
1750	msp_2408	0.0
1083	msp_1241	0.0
1747	msp_2402	0.0
1088	msp_1247	0.0
1739	msp_2394	0.0
1018	msp_1157	0.0
1002	msp_1137	0.0
1015	msp_1151	0.0
1914	msp_2796	0.0
910	msp_1024	0.0
911	msp_1026	0.0
914	msp_1030	0.0
1937	msp_2851	0.0
918	msp_1037	0.0
1932	msp_2845	0.0
1926	msp_2832	0.0
1925	msp_2831	0.0
925	msp_1045	0.0
950	msp_1072	0.0
930	msp_1050	0.0
932	msp_1052	0.0
1912	msp_2793	0.0
1908	msp_2769	0.0
938	msp_1059c	0.0
1907	msp_2743	0.0
1906	msp_2732	0.0
943	msp_1064	0.0
909	msp_1023	0.0
1939	msp_2858	0.0
1942	msp_2863	0.0
905	msp_1018	0.0
868	msp_0973	0.0
1988	msp_2946	0.0
1976	msp_2929	0.0
878	msp_0984	0.0
881	msp_0987	0.0
1965	msp_2913	0.0
882	msp_0988	0.0
1961	msp_2904	0.0
1957	msp_2890	0.0
1952	msp_2884	0.0
890	msp_1002	0.0
892	msp_1004	0.0
1947	msp_2874	0.0
895	msp_1007	0.0
896	msp_1008	0.0
898	msp_1010	0.0
903	msp_1016	0.0
945	msp_1067	0.0
951	msp_1074	0.0
1013	msp_1149	0.0
1842	msp_2581	0.0
991	msp_1124	0.0
1868	msp_2632	0.0
1865	msp_2628	0.0
1861	msp_2620	0.0
1857	msp_2611	0.0
1856	msp_2607	0.0
1	msp_0002	0.0
999	msp_1133	0.0
1001	msp_1135	0.0
1901	msp_2720	0.0
1136	msp_1313	0.0
1822	msp_2544	0.0
1820	msp_2540	0.0
1818	msp_2536	0.0
1005	msp_1140	0.0
1006	msp_1141	0.0
1812	msp_2523	0.0
1811	msp_2520	0.0
1869	msp_2633	0.0
990	msp_1123	0.0
1870	msp_2635	0.0
986	msp_1117	0.0
1900	msp_2719	0.0
1890	msp_2688	0.0
1887	msp_2680	0.0
1883	msp_2668	0.0
966	msp_1095	0.0
1876	msp_2647	0.0
1874	msp_2645	0.0
1873	msp_2643	0.0
1872	msp_2639	0.0
970	msp_1099c	0.0
975	msp_1104	0.0
976	msp_1106	0.0
978	msp_1109	0.0
979	msp_1110	0.0
981	msp_1112	0.0
982	msp_1113c	0.0
985	msp_1116	0.0
1132	msp_1309	0.0
1682	msp_2313	0.0
1138	msp_1317	0.0
1140	msp_1320c	0.0
867	msp_0972	0.0
1490	msp_1903	0.0
1340	msp_1614	0.0
1488	msp_1898	0.0
1487	msp_1894	0.0
1342	msp_1618	0.0
1485	msp_1892	0.0
1345	msp_1624	0.0
1348	msp_1629	0.0
1484	msp_1889	0.0
1351	msp_1637	0.0
1356	msp_1646	0.0
1357	msp_1647	0.0
1358	msp_1648	0.0
1483	msp_1888	0.0
1360	msp_1650	0.0
1482	msp_1887	0.0
1363	msp_1654	0.0
1481	msp_1885	0.0
1494	msp_1910	0.0
1495	msp_1912	0.0
1335	msp_1607c	0.0
1307	msp_1559c	0.0
1292	msp_1539	0.0
1293	msp_1540	0.0
1302	msp_1552	0.0
1512	msp_1938	0.0
1510	msp_1935	0.0
1509	msp_1934	0.0
1305	msp_1557	0.0
1505	msp_1930	0.0
1504	msp_1929	0.0
1334	msp_1606c	0.0
1310	msp_1565	0.0
1503	msp_1927	0.0
1317	msp_1576	0.0
1318	msp_1578c	0.0
1500	msp_1922	0.0
1499	msp_1920	0.0
1496	msp_1914	0.0
1332	msp_1604	0.0
1476	msp_1877	0.0
1475	msp_1875	0.0
1367	msp_1658	0.0
1434	msp_1775	0.0
1401	msp_1706	0.0
1404	msp_1713	0.0
1406	msp_1715	0.0
1448	msp_1829	0.0
1447	msp_1826	0.0
1407	msp_1717	0.0
1437	msp_1779c	0.0
1436	msp_1777	0.0
1412	msp_1728	0.0
1450	msp_1831	0.0
1413	msp_1729	0.0
1431	msp_1770	0.0
1415	msp_1735	0.0
1416	msp_1738	0.0
1417	msp_1740	0.0
1427	msp_1759	0.0
1418	msp_1741	0.0
1425	msp_1750	0.0
1449	msp_1830	0.0
1455	msp_1846	0.0
1369	msp_1660	0.0
1466	msp_1861	0.0
1474	msp_1874	0.0
1473	msp_1873	0.0
1373	msp_1666	0.0
1375	msp_1668	0.0
1472	msp_1871	0.0
1376	msp_1669	0.0
1382	msp_1676	0.0
1470	msp_1868	0.0
1384	msp_1678	0.0
1457	msp_1848	0.0
1465	msp_1858	0.0
1461	msp_1853	0.0
1386	msp_1680	0.0
1460	msp_1852	0.0
1389	msp_1686	0.0
1392	msp_1690	0.0
1459	msp_1851	0.0
1393	msp_1693	0.0
1513	msp_1939	0.0
1514	msp_1940	0.0
1290	msp_1535	0.0
1195	msp_1393	0.0
1182	msp_1374	0.0
1183	msp_1376	0.0
1185	msp_1378	0.0
1186	msp_1379	0.0
1187	msp_1380	0.0
1189	msp_1382	0.0
1190	msp_1384	0.0
1192	msp_1387	0.0
1196	msp_1395	0.0
1179	msp_1370	0.0
1631	msp_2246	0.0
1199	msp_1398	0.0
1619	msp_2232	0.0
1557	msp_2209	0.0
1207	msp_1408	0.0
1208	msp_1409	0.0
1555	msp_2176	0.0
1554	msp_2169	0.0
1636	msp_2253	0.0
1178	msp_1369	0.0
1217	msp_1424	0.0
1663	msp_2285	0.0
1141	msp_1322	0.0
1143	msp_1324	0.0
1145	msp_1328	0.0
1691	msp_2331	0.0
1688	msp_2323	0.0
1424	msp_1749	0.0
1672	msp_2296	0.0
1149	msp_1333	0.0
1662	msp_2283	0.0
1177	msp_1367	0.0
1158	msp_1345c	0.0
1160	msp_1348	0.0
1164	msp_1354	0.0
1169	msp_1359	0.0
1649	msp_2267	0.0
1173	msp_1363	0.0
1641	msp_2258	0.0
1176	msp_1366	0.0
1212	msp_1417	0.0
1218	msp_1427	0.0
1518	msp_1945	0.0
1268	msp_1500	0.0
1537	msp_2002	0.0
1254	msp_1476	0.0
1255	msp_1478	0.0
1534	msp_1988	0.0
1533	msp_1986	0.0
1262	msp_1486	0.0
1532	msp_1985	0.0
1528	msp_1975	0.0
1526	msp_1970	0.0
1246	msp_1466	0.0
1272	msp_1510c	0.0
1274	msp_1512	0.0
1525	msp_1968	0.0
1523	msp_1956	0.0
1522	msp_1949	0.0
1283	msp_1526	0.0
1286	msp_1529	0.0
1520	msp_1947	0.0
1538	msp_2004	0.0
1241	msp_1460	0.0
1553	msp_2165	0.0
1233	msp_1450	0.0
1221	msp_1434	0.0
1225	msp_1439	0.0
1227	msp_1441c	0.0
1228	msp_1442	0.0
1549	msp_2127	0.0
1548	msp_2111	0.0
1547	msp_2078	0.0
1232	msp_1449	0.0
1546	msp_2074	0.0
1540	msp_2012	0.0
1235	msp_1452	0.0
1545	msp_2066	0.0
1544	msp_2054	0.0
1542	msp_2050	0.0
1541	msp_2028	0.0
1237	msp_1455	0.0
1238	msp_1457	0.0
1239	msp_1458	0.0
1492	msp_1907	0.0
0	msp_0001	0.0
623	msp_0682	0.0
652	msp_0720	0.0
602	msp_0658	0.0
168	msp_0181	0.0
400	msp_0434	0.0
600	msp_0656	0.0
653	msp_0721	0.0
235	msp_0252	0.0
154	msp_0165	0.0
394	msp_0428	0.0
597	msp_0653	0.0
658	msp_0726	0.0
757	msp_0839	0.0
819	msp_0912	0.0
756	msp_0838	0.0
753	msp_0835	0.0
820	msp_0913	0.0
591	msp_0646	0.0
666	msp_0735	0.0
668	msp_0738	0.0
749	msp_0829	0.0
388	msp_0420	0.0
382	msp_0413	0.0
633	msp_0695	0.0
824	msp_0918	0.0
231	msp_0248	0.0
646	msp_0710	0.0
95	msp_0101	0.0
808	msp_0900	0.0
435	msp_0470	0.0
202	msp_0217	0.0
216	msp_0233	0.0
200	msp_0215	0.0
331	msp_0358	0.0
622	msp_0681	0.0
783	msp_0869	0.0
446	msp_0481	0.0
797	msp_0886	0.0
452	msp_0491	0.0
218	msp_0235	0.0
611	msp_0669	0.0
778	msp_0863	0.0
456	msp_0496	0.0
640	msp_0703	0.0
459	msp_0499	0.0
803	msp_0895	0.0
609	msp_0667	0.0
641	msp_0704	0.0
408	msp_0443	0.0
805	msp_0897	0.0
462	msp_0502	0.0
807	msp_0899	0.0
370	msp_0400	0.0
673	msp_0745	0.0
485	msp_0529	0.0
559	msp_0614	0.0
700	msp_0774	0.0
554	msp_0607	0.0
726	msp_0803	0.0
553	msp_0606	0.0
725	msp_0802	0.0
850	msp_0951	0.0
851	msp_0952	0.0
520	msp_0568	0.0
853	msp_0954	0.0
854	msp_0955	0.0
722	msp_0798	0.0
523	msp_0571	0.0
855	msp_0957	0.0
856	msp_0958	0.0
721	msp_0797	0.0
323	msp_0349	0.0
549	msp_0601c	0.0
720	msp_0796	0.0
704	msp_0778	0.0
340	msp_0367	0.0
532	msp_0580	0.0
328	msp_0355	0.0
708	msp_0782	0.0
709	msp_0783	0.0
3	msp_0004	0.0
305	msp_0330	0.0
344	msp_0372	0.0
424	msp_0459	0.0
743	msp_0822	0.0
494	msp_0539	0.0
684	msp_0758	0.0
831	msp_0928	0.0
563	msp_0618	0.0
502	msp_0548	0.0
361	msp_0390	0.0
680	msp_0752	0.0
840	msp_0941	0.0
301	msp_0326	0.0
732	msp_0810	0.0
353	msp_0382	0.0
697	msp_0771	0.0
740	msp_0819	0.0
358	msp_0387	0.0
765	msp_0847	-1.0524945182558159e-07
472	msp_0512	-2.2015737150713005e-06
1756	msp_2420	-2.9134454794436172e-06
475	msp_0516	-4.4033048153276265e-06
1273	msp_1511c	-7.367711447667737e-06
1506	msp_1931	-7.887065127871602e-06
768	msp_0851	-1.7155773300939675e-05
1611	msp_2223	-2.21254136824001e-05
1960	msp_2894	-2.3366346954549695e-05
368	msp_0398	-2.433444094535981e-05
577	msp_0632	-2.7244879036698617e-05
674	msp_0746	-2.882245492148311e-05
899	msp_1011	-2.9156420252829803e-05
663	msp_0732	-3.075927419648936e-05
1135	msp_1312	-3.189652349181786e-05
1440	msp_1784	-3.264326713107259e-05
298	msp_0323	-3.4582596128700055e-05
1291	msp_1538	-3.700575542974279e-05
773	msp_0856	-4.223236966376663e-05
321	msp_0347	-4.6205507756148395e-05
1057	msp_1205	-4.7579930764862075e-05
1092	msp_1252	-4.7579930764862075e-05
468	msp_0508	-4.7579930764862075e-05
1301	msp_1551	-4.7579930764862075e-05
1464	msp_1856	-4.7579930764862075e-05
118	msp_0127	-4.7579930764862075e-05
1445	msp_1817	-4.7579930764862075e-05
1390	msp_1687	-4.7579930764862075e-05
343	msp_0370	-5.343153827970069e-05
637	msp_0699	-5.4982496220280635e-05
564	msp_0619	-6.156155837509905e-05
304	msp_0329	-7.262301225748463e-05
93	msp_0099	-7.531919170880354e-05
1156	msp_1342	-7.62443768605703e-05
268	msp_0288	-8.560506074642633e-05
1167	msp_1357	-8.598525796487616e-05
1344	msp_1622	-8.666945075246632e-05
1380	msp_1674	-8.948919949171565e-05
1249	msp_1469	-9.360404727281206e-05
1749	msp_2407	-9.73847566838963e-05
1657	msp_2275	-9.764732304001026e-05
464	msp_0504	-9.972691314211982e-05
1854	msp_2600	-0.00010082904158117072
1385	msp_1679	-0.00010770253414860034
1261	msp_1485	-0.00010901977163324861
1602	msp_2213	-0.00011692837330482483
310	msp_0336	-0.0001180280249082416
736	msp_0815	-0.00012340208030885765
1402	msp_1708	-0.00012340208030885765
1174	msp_1364	-0.00012340208030885765
745	msp_0824	-0.00012340208030885765
1295	msp_1542	-0.00012340208030885765
1368	msp_1659c	-0.00012340208030885765
869	msp_0975	-0.00012340208030885765
754	msp_0836	-0.00012340208030885765
996	msp_1129	-0.00012340208030885765
659	msp_0727	-0.00012340208030885765
1263	msp_1491	-0.00012340208030885765
1267	msp_1497	-0.00012340208030885765
1270	msp_1503c	-0.00012340208030885765
946	msp_1068	-0.00012340208030885765
944	msp_1066	-0.00012340208030885765
1671	msp_2295	-0.00012591199779643427
664	msp_0733	-0.00012627397235046562
453	msp_0492	-0.00012944429446678628
1685	msp_2318	-0.00013150960058695054
1147	msp_1331	-0.00013413874219644705
859	msp_0961	-0.00013989385675050288
1451	msp_1834	-0.00014027208265604202
1846	msp_2588	-0.00014029217400456315
1222	msp_1435	-0.00014356143848313595
58	msp_0062	-0.00014478615946570862
1701	msp_2344	-0.00014751017934176358
60	msp_0064	-0.0001543768153018577
385	msp_0417	-0.00015473180588216508
713	msp_0788	-0.00015547606415392947
1338	msp_1610	-0.00015547606415392947
750	msp_0830	-0.00015547606415392947
1062	msp_1213	-0.00015547606415392947
1258	msp_1482	-0.00015547606415392947
1069	msp_1221	-0.00015547606415392947
927	msp_1047	-0.00015547606415392947
968	msp_1097	-0.00015547606415392947
879	msp_0985	-0.00015547606415392947
1101	msp_1264c	-0.00015773072859274543
155	msp_0168	-0.00016063755925887363
217	msp_0234	-0.00016858036531258754
1974	msp_2927	-0.00017153287674965834
227	msp_0244	-0.00017761959712338707
1339	msp_1611	-0.00018001203540715107
1346	msp_1627	-0.00018001203540715107
1486	msp_1893	-0.00018001203540715107
1374	msp_1667	-0.00018001203540715107
1226	msp_1440	-0.00018001203540715107
1201	msp_1400	-0.00018001203540715107
717	msp_0793	-0.00018001203540715107
1529	msp_1976	-0.00018001203540715107
390	msp_0423	-0.00018001203540715107
1543	msp_2053	-0.00018001203540715107
1419	msp_1743	-0.00018001203540715107
1889	msp_2684	-0.00018001203540715107
764	msp_0846	-0.00018001203540715107
585	msp_0640	-0.00018001203540715107
90	msp_0096	-0.00018001203540715107
788	msp_0875	-0.00018001203540715107
1285	msp_1528	-0.00018001203540715107
1281	msp_1524	-0.00018001203540715107
1333	msp_1605	-0.00018001203540715107
1381	msp_1675	-0.0001800120354071511
1148	msp_1332	-0.0001800120354071511
656	msp_0724	-0.000180012035407158
1091	msp_1251	-0.00018070817157571023
841	msp_0942	-0.00018170065868571122
1287	msp_1530c	-0.00018471924648342242
1913	msp_2795	-0.000185261268779111
1729	msp_2380	-0.0001865563022603762
113	msp_0121	-0.00019206415471878708
83	msp_0088	-0.0001924457191036186
870	msp_0976	-0.00019444180007294716
1134	msp_1311	-0.00019520325413534246
410	msp_0445	-0.0001994135749599649
515	msp_0563	-0.00019983456902201605
1575	msp_1034	-0.0002066106302594074
964	msp_1093	-0.00020709844571896989
357	msp_0386	-0.00021205775534576711
450	msp_0489	-0.00021233744574602505
576	msp_0631	-0.00021516462471492018
1277	msp_1516	-0.0002154126636173904
346	msp_0374	-0.00021845926984572902
166	msp_0179	-0.0002219944564175482
793	msp_0881	-0.00022709975654119468
589	msp_0644	-0.00022806696033881896
1720	msp_2370	-0.00023047550228419902
45	msp_0048	-0.00023466816210362167
66	msp_0070	-0.00023841927471902292
561	msp_0616	-0.0002389067461939777
607	msp_0665	-0.00024170703443701514
1194	msp_1389	-0.0002439713213845925
919	msp_1038	-0.0002464139894345866
181	msp_0194	-0.0002471421787034046
1567	msp_0486	-0.00024836151208715914
1388	msp_1684	-0.00025208866459809463
1240	msp_1459	-0.00025304155319215644
338	msp_0365	-0.00025546858618025924
949	msp_1071	-0.0002564057990839889
251	msp_0269	-0.0002564057990839889
816	msp_0909	-0.0002564057990839889
810	msp_0902	-0.0002564057990839889
1247	msp_1467	-0.0002564057990839889
973	msp_1102	-0.0002564057990839889
1478	msp_1881	-0.0002564057990839889
1046	msp_1192	-0.0002564057990839889
977	msp_1107	-0.0002564057990839889
1216	msp_1422	-0.0002564057990839889
661	msp_0729	-0.0002564057990839889
473	msp_0513	-0.0002564057990839889
238	msp_0255	-0.0002564057990839889
885	msp_0993	-0.0002564057990839889
318	msp_0344	-0.0002564057990839889
556	msp_0611	-0.0002564057990839889
1397	msp_1699	-0.0002564057990839889
495	msp_0540	-0.0002564057990839889
484	msp_0528	-0.0002564057990839889
729	msp_0807	-0.0002564057990839889
492	msp_0537	-0.0002564057990839889
862	msp_0965	-0.0002564057990839889
545	msp_0597	-0.0002564057990839889
913	msp_1029	-0.0002564057990839889
727	msp_0804	-0.0002564057990839889
1071	msp_1225	-0.0002564057990839889
1248	msp_1468	-0.0002564057990839903
610	msp_0668	-0.0002564057990839903
25	msp_0027	-0.0002592632398346473
427	msp_0462	-0.00025960828318153105
1578	msp_1191c	-0.00026151513129048037
1723	msp_2373	-0.0002635613602339129
662	msp_0730	-0.00026819188033105397
796	msp_0885	-0.0002711899522092421
685	msp_0759	-0.0002734781397428893
1172	msp_1362	-0.0002737437095115479
430	msp_0465	-0.00028041801845907113
716	msp_0792	-0.0002804329960358962
643	msp_0706	-0.00028371486885670453
1527	msp_1971	-0.00028741932869331445
1165	msp_1355	-0.0002890728664720227
1536	msp_1994	-0.0002890728664720227
1359	msp_1649	-0.0002890728664720227
924	msp_1044	-0.0002890728664720227
1491	msp_1905	-0.0002890728664720227
1453	msp_1844	-0.0002890728664720227
1265	msp_1493	-0.0002890728664720227
1244	msp_1464	-0.00029013172435005406
1627	msp_2240	-0.00029201718491014334
690	msp_0764	-0.000294205167947555
648	msp_0712	-0.0002965276982613624
1815	msp_2532	-0.00029769567577693707
1573	msp_0974c	-0.0003021833349660508
627	msp_0688	-0.00030502092539986365
225	msp_0242	-0.0003056099526710251
171	msp_0184	-0.00031254900454885046
1560	msp_0166	-0.00031469778969921554
1163	msp_1353	-0.0003157904072579882
1089	msp_1248	-0.00031788958896143227
1168	msp_1358	-0.0003205219421382072
989	msp_1122	-0.0003254059818275785
148	msp_0159	-0.00032724563971456023
1197	msp_1396c	-0.0003295085455270834
719	msp_0795	-0.00032952573984170065
1180	msp_1372	-0.00033155309082718334
1230	msp_1444	-0.0003324012432610372
1841	msp_2580	-0.0003336233990954048
574	msp_0629	-0.00033652963751361044
1275	msp_1513	-0.0003367556638206071
366	msp_0396	-0.00033908262381248056
507	msp_0554	-0.0003422602857174082
1686	msp_2320	-0.0003428520999751363
371	msp_0401	-0.0003429161242816603
766	msp_0848	-0.00034499346056993856
1576	msp_1040c	-0.0003450593051547519
1680	msp_2310	-0.0003465277074925846
91	msp_0097	-0.0003468787914548753
1409	msp_1720	-0.0003474507693112782
631	msp_0692	-0.0003474507693112782
128	msp_0137	-0.0003474507693112782
1426	msp_1754	-0.00034789642025166056
132	msp_0141	-0.0003517449191715339
1435	msp_1776c	-0.00035242713864720363
1613	msp_2225	-0.0003534544651603422
190	msp_0204	-0.0003542624440530035
724	msp_0801	-0.00035478427921050614
997	msp_1131	-0.00035478427921050684
1104	msp_1269	-0.00035478427921050684
872	msp_0978	-0.00035478427921050684
197	msp_0211	-0.00035478427921050684
1452	msp_1840	-0.00035478427921050684
474	msp_0515	-0.00035478427921050684
399	msp_0433	-0.00035478427921050684
1299	msp_1549	-0.00035478427921050684
414	msp_0449	-0.00035664881898755935
888	msp_0998	-0.0003593313749687215
372	msp_0402	-0.0003593313749687215
403	msp_0437c	-0.0003606833570437723
1063	msp_1214	-0.00036099630996099295
1037	msp_1179	-0.00036638659341822917
565	msp_0620	-0.0003669786876394229
1045	msp_1189	-0.0003671528930061507
1349	msp_1632	-0.000369511344746257
482	msp_0526	-0.00037008508088789743
1257	msp_1481	-0.0003721103296966011
518	msp_0566	-0.00037420820230060986
1129	msp_1305	-0.0003754629559898593
1271	msp_1509	-0.00037759660258076215
153	msp_0164	-0.00037916407888070327
843	msp_0944	-0.00038228919187472223
29	msp_0032	-0.0003827955059687458
1931	msp_2843	-0.00038331467460314114
1058	msp_1206	-0.00039334867951027505
806	msp_0898	-0.00039559241619692003
842	msp_0943	-0.0003959507493915417
267	msp_0287	-0.0003966567986686936
776	msp_0860	-0.0003972836567864389
1279	msp_1520	-0.0004016312038035421
814	msp_0907	-0.0004027294366415113
904	msp_1017	-0.00040404656633581437
136	msp_0145	-0.00040518751763911077
657	msp_0725	-0.0004058050479414899
804	msp_0896	-0.00041100535822695844
1569	msp_0610	-0.0004125794042080754
738	msp_0817	-0.0004126458385287294
296	msp_0321	-0.00041408714203533667
1366	msp_1657	-0.00041408714203533667
1000	msp_1134	-0.00041408714203533667
1456	msp_1847	-0.00041408714203533667
1093	msp_1253	-0.00041408714203533667
1181	msp_1373	-0.00041408714203533667
74	msp_0078	-0.0004154682559987476
254	msp_0272	-0.0004154682559987476
1958	msp_2892	-0.00041680768110769655
928	msp_1048	-0.00042339790397419926
237	msp_0254	-0.0004236662513674999
1981	msp_2938	-0.00042845613856291116
1316	msp_1575	-0.00043240789875245125
1159	msp_1347c	-0.00043244072242830546
196	msp_0210	-0.0004372108994965044
1133	msp_1310	-0.0004401292000636272
615	msp_0673	-0.00044214026662127003
747	msp_0827	-0.00044513466900925107
193	msp_0207	-0.00044746823550980525
714	msp_0790	-0.00045076379637311423
1728	msp_2379	-0.00045365090929510226
1414	msp_1732	-0.0004572082356999861
1284	msp_1527	-0.00045921009841914397
1039	msp_1181	-0.0004593530710115894
1454	msp_1845	-0.0004605876091022227
324	msp_0350	-0.00046186955240400064
1108	msp_1275	-0.0004623118335749191
676	msp_0748	-0.00046243635452368465
169	msp_0182	-0.0004625520572056245
355	msp_0384	-0.0004632164161377334
1303	msp_1553	-0.00046552672700401023
1352	msp_1639	-0.0004669447353473746
645	msp_0709	-0.00046805460264600957
916	msp_1032	-0.0004686126389567776
1049	msp_1196	-0.0004689488510446639
1243	msp_1462	-0.0004704117081240957
348	msp_0376	-0.0004757270671680747
1568	msp_0603c	-0.00047580703444345305
1347	msp_1628	-0.0004808686790841801
686	msp_0760	-0.0004811042504278029
1120	msp_1291	-0.00048746708691359584
120	msp_0129	-0.0004894561947698427
1355	msp_1644	-0.000493124537467659
1432	msp_1772c	-0.0004976356669193447
984	msp_1115	-0.0004983132242937446
1090	msp_1250	-0.0004986939144434762
688	msp_0762	-0.0005105727847212897
336	msp_0363	-0.000511053609565868
650	msp_0716	-0.0005117825379261162
375	msp_0405	-0.0005149181170620373
845	msp_0946	-0.0005164661352540316
1616	msp_2228	-0.0005201526622483948
1032	msp_1172	-0.0005226442512910875
782	msp_0868	-0.0005234747041516895
1396	msp_1698	-0.0005234747041516895
875	msp_0981	-0.0005265983768432029
1517	msp_1944	-0.0005265983768432029
555	msp_0608	-0.0005265983768432029
1328	msp_1598	-0.0005265983768432029
1084	msp_1243	-0.0005265983768432029
1371	msp_1664	-0.0005265983768432029
710	msp_0784	-0.0005265983768432029
302	msp_0327	-0.0005265983768432029
264	msp_0282	-0.0005265983768432029
1502	msp_1925	-0.0005265983768432029
1224	msp_1438	-0.0005265983768432029
624	msp_0683	-0.0005265983768432029
1556	msp_2207	-0.0005265983768432029
940	msp_1061c	-0.0005265983768432029
1139	msp_1318	-0.0005265983768432029
438	msp_0473c	-0.0005297199446200822
223	msp_0240	-0.0005303144659946237
1831	msp_2559	-0.0005344897930566276
763	msp_0845	-0.0005345017799939395
731	msp_0809	-0.0005354225080816023
1231	msp_1447	-0.0005384967657396101
503	msp_0550	-0.0005399324226265216
606	msp_0663	-0.0005438873720065514
1056	msp_1204	-0.0005438873720065514
236	msp_0253	-0.0005438873720065514
960	msp_1088	-0.0005438873720065514
969	msp_1098	-0.0005442733611283361
1031	msp_1171	-0.0005479287453024214
280	msp_0302	-0.0005483316394830421
1403	msp_1712	-0.0005488258786013737
187	msp_0201	-0.0005497244761401586
809	msp_0901	-0.0005506533775426506
363	msp_0392	-0.000553813228793695
184	msp_0198	-0.0005540799100244563
629	msp_0690	-0.000556876425147398
671	msp_0741	-0.000556876425147398
1948	msp_2875	-0.000556876425147398
586	msp_0641	-0.0005573112106076734
441	msp_0476	-0.0005576891529885555
501	msp_0547	-0.0005597273826323914
510	msp_0558	-0.000561401730570158
1095	msp_1256	-0.0005623577021409434
68	msp_0072	-0.0005632022299799103
1298	msp_1548	-0.0005677527640847821
846	msp_0947	-0.0005712911181520518
215	msp_0232	-0.0005734477169930835
1204	msp_1404	-0.0005784794666522717
70	msp_0074	-0.0005848167281397565
772	msp_0855	-0.0005870920215132263
1740	msp_2395	-0.0005872786375510796
73	msp_0077	-0.0005899596749250519
367	msp_0397	-0.0005900880952310311
1171	msp_1361	-0.0005915362232120097
1330	msp_1600	-0.0005915362232120097
498	msp_0543c	-0.0005915362232120097
1086	msp_1245	-0.0005915362232120097
1588	msp_1783	-0.0005923511540113358
272	msp_0292	-0.000592404610676722
1297	msp_1545	-0.0005930500351553411
655	msp_0723	-0.0005940776983485634
101	msp_0108	-0.000594528099905344
226	msp_0243	-0.000596031399116071
884	msp_0992	-0.0005964738381899735
119	msp_0128	-0.0005966466294302481
1825	msp_2551	-0.0005984461219377904
299	msp_0324	-0.0005984531858905282
1211	msp_1413	-0.0006003428978683434
170	msp_0183	-0.000600629587021896
207	msp_0223	-0.000603097508685994
178	msp_0191	-0.0006043663260656713
465	msp_0505	-0.0006053855571368514
33	msp_0036	-0.0006056341354710263
1014	msp_1150	-0.0006063902464774614
409	msp_0444	-0.0006075056776981557
275	msp_0297	-0.0006087084474476053
1433	msp_1773	-0.0006092652462352525
1365	msp_1656	-0.000612645671796563
488	msp_0533	-0.0006158359466948048
1826	msp_2552	-0.0006162697480728665
1694	msp_2334	-0.0006162697480728665
1788	msp_2481	-0.0006162697480728665
1642	msp_2259	-0.0006162697480728665
1852	msp_2598	-0.0006162697480728665
1137	msp_1315	-0.0006176960506189773
1829	msp_2556	-0.0006218766474957525
1921	msp_2826	-0.0006226062056756453
1773	msp_2448	-0.0006230160387515617
934	msp_1054	-0.0006291049426691143
80	msp_0085	-0.0006304992421717274
1816	msp_2533	-0.0006325880394012485
1053	msp_1201	-0.0006332755287790484
861	msp_0964	-0.0006374774649202022
276	msp_0298	-0.0006395902710404138
406	msp_0441	-0.0006401141242211659
1073	msp_1228	-0.0006439552150176818
449	msp_0488	-0.000646695096216267
1935	msp_2848	-0.000647967843815628
481	msp_0525	-0.0006495992868796036
1428	msp_1763	-0.0006512190333547254
61	msp_0065	-0.0006520289368739996
308	msp_0334	-0.0006534763262657065
1378	msp_1672	-0.0006561125999798024
17	msp_0018	-0.0006562208871230239
1012	msp_1147	-0.0006607359921090195
281	msp_0303	-0.0006611765380603721
811	msp_0903	-0.0006635980433455865
1099	msp_1261	-0.0006643663975114191
1210	msp_1412	-0.0006655234278033171
141	msp_0151	-0.0006663822875628855
1038	msp_1180	-0.0006693429949758211
27	msp_0029	-0.0006704558541610861
1350	msp_1634	-0.0006722353172139899
162	msp_0175	-0.0006746807871065167
1574	msp_1028c	-0.0006765744331216189
65	msp_0069	-0.0006778856791346871
596	msp_0652	-0.0006805929465301706
1778	msp_2455	-0.0006806707147028227
1157	msp_1343	-0.0006812691039836281
1596	msp_1801	-0.0006851308876768877
1066	msp_1218	-0.000690028158243405
182	msp_0195	-0.0006903836307143422
1626	msp_2239	-0.0006918243438807172
829	msp_0926	-0.0006920339701324545
965	msp_1094	-0.0006939857720580715
389	msp_0422	-0.0006946677933901463
1112	msp_1282	-0.000696333463666051
998	msp_1132	-0.0006966651020156663
1289	msp_1533	-0.000698770605360088
920	msp_1039	-0.0007036384668147518
1920	msp_2824	-0.0007047410515853311
1648	msp_2266	-0.0007047410515853318
734	msp_0812	-0.0007047410515853318
208	msp_0224	-0.0007060172189031202
81	msp_0086	-0.0007062037736037323
614	msp_0672	-0.000706327485825507
309	msp_0335	-0.0007071091333305627
1531	msp_1982	-0.0007079998873627815
730	msp_0808	-0.0007082414991285421
1405	msp_1714	-0.0007082544427940165
455	msp_0494	-0.000710403755386584
522	msp_0570	-0.0007123958921489276
1628	msp_2243	-0.0007163888453012415
46	msp_0049	-0.0007232788454754628
1260	msp_1484	-0.0007292178734856664
815	msp_0908	-0.000731272211746038
1040	msp_1182	-0.0007322173185645793
770	msp_0853c	-0.00073739270153241
774	msp_0858	-0.0007377371540149186
860	msp_0963c	-0.000738204803763424
931	msp_1051	-0.0007386366545448979
149	msp_0160	-0.0007390772174461162
514	msp_0562	-0.0007391668078731428
212	msp_0228	-0.0007392209872894029
598	msp_0654	-0.0007400181397936
386	msp_0418	-0.0007422178736872616
1300	msp_1550	-0.0007492914984340708
147	msp_0158	-0.0007497531065178925
1193	msp_1388	-0.0007503575716422705
823	msp_0917	-0.0007519050262863229
1738	msp_2393	-0.0007520671546927806
255	msp_0273	-0.000752669043933922
4	msp_0005	-0.00075279430152229
418	msp_0453	-0.0007541068915169178
220	msp_0237	-0.0007563300620406408
1114	msp_1284	-0.0007571702979393026
817	msp_0910	-0.0007596940946427641
487	msp_0532	-0.0007607744934881997
392	msp_0425	-0.0007634181915220065
706	msp_0780	-0.0007650239088659494
1551	msp_2142	-0.0007653595342490406
836	msp_0933	-0.0007653595342490412
1897	msp_2705	-0.0007653595342490412
1477	msp_1879	-0.0007653595342490412
189	msp_0203	-0.0007688734541194429
1847	msp_2589	-0.000770148831326202
173	msp_0186	-0.0007713629705682122
401	msp_0435	-0.000773114336037989
952	msp_1076	-0.0007742202497727374
1170	msp_1360	-0.0007749851795071025
894	msp_1006	-0.0007821035679715583
644	msp_0707	-0.000784225413884465
1294	msp_1541	-0.0007867274738545192
830	msp_0927	-0.0007870468844900753
866	msp_0970	-0.0007885826712513694
186	msp_0200	-0.0007900022457264404
567	msp_0622	-0.0007930226288769001
798	msp_0887	-0.0007938606241436826
1884	msp_2671	-0.0007955093185443931
156	msp_0169	-0.0007959432282686703
1391	msp_1689	-0.0008028061519227151
1444	msp_1816	-0.0008035792396546013
1620	msp_2233	-0.0008062811309220379
535	msp_0584	-0.0008091040902029353
1597	msp_1802	-0.0008095000616962627
760	msp_0842	-0.0008182344404370173
26	msp_0028	-0.0008182906081829779
1214	msp_1420	-0.0008219188116085399
1550	msp_2133	-0.0008241773771360045
1539	msp_2006	-0.0008241773771360045
647	msp_0711c	-0.0008241773771360045
1102	msp_1265	-0.0008254761325595756
1982	msp_2940	-0.0008260232759134476
287	msp_0309	-0.0008273128296665055
266	msp_0286	-0.0008288487302505746
531	msp_0579	-0.0008290744549610059
1661	msp_2282	-0.0008343156866975651
1042	msp_1185	-0.0008350404848587045
1370	msp_1662	-0.000836158504690115
477	msp_0518	-0.0008367819905907352
715	msp_0791	-0.000836892166515899
1612	msp_2224	-0.0008371687554142968
491	msp_0536	-0.0008387816303188206
537	msp_0586	-0.0008392314933726285
246	msp_0263	-0.0008440702536837464
1864	msp_2625	-0.0008455193082246223
1844	msp_2586	-0.000845519308224623
1711	msp_2358	-0.000845519308224623
64	msp_0068	-0.0008460466207453899
1985	msp_2943	-0.0008468007754706343
230	msp_0247	-0.0008471049338198619
1097	msp_1258	-0.0008479636306320846
1950	msp_2882	-0.0008481477479234071
157	msp_0170	-0.0008552547382473784
744	msp_0823	-0.0008613186678169976
327	msp_0354	-0.0008618287784786951
608	msp_0666	-0.0008630236784501658
558	msp_0613	-0.0008635256551891185
569	msp_0624	-0.0008655455367014177
929	msp_1049	-0.0008678675046020321
1094	msp_1254	-0.0008703493510015387
379	msp_0410	-0.0008715193951368181
415	msp_0450	-0.0008718170030520187
761	msp_0843	-0.000874584262994026
1704	msp_2347	-0.0008755706590522422
1763	msp_2430	-0.0008755706590522422
1895	msp_2698	-0.0008755706590522422
1902	msp_2723	-0.0008755706590522422
1881	msp_2665	-0.0008755706590522422
1827	msp_2554	-0.0008755706590522422
1595	msp_1794	-0.0008755706590522422
1843	msp_2584	-0.0008755706590522422
1833	msp_2562	-0.0008755706590522422
426	msp_0461	-0.0008787667882802294
1251	msp_1472c	-0.0008802691444615506
578	msp_0633	-0.0008808864209966454
145	msp_0156	-0.0008817040930097909
1121	msp_1292	-0.0008821823059002805
234	msp_0251	-0.0008856772913136967
912	msp_1027	-0.0008866307982014588
204	msp_0220	-0.0008899808302951935
1798	msp_2499	-0.0008909935108646344
1670	msp_2294	-0.0008936993331201115
105	msp_0112	-0.0008969831155349289
1717	msp_2365	-0.0008978078777119049
692	msp_0766	-0.0008992414745617061
1215	msp_1421	-0.000899788152412686
538	msp_0587	-0.0008997881524126867
1497	msp_1917	-0.0009015682251998061
1021	msp_1160	-0.0009018983003181227
174	msp_0187	-0.0009021540099313873
1377	msp_1671c	-0.000902245528531438
1953	msp_2885	-0.0009028813800901741
1202	msp_1402	-0.0009083017514238443
112	msp_0120	-0.0009091677730374525
579	msp_0634	-0.0009175800974152222
1928	msp_2838	-0.0009178975017269105
974	msp_1103	-0.0009183737850556826
1223	msp_1437	-0.0009229801300168802
1904	msp_2727	-0.0009236072967576067
877	msp_0983	-0.0009240622679218195
1563	msp_0295	-0.0009269323728436858
1326	msp_1592	-0.000928958396888969
1296	msp_1543	-0.0009299567240113797
758	msp_0840	-0.0009306038915834907
1593	msp_1790	-0.0009306570856875812
405	msp_0440	-0.0009306769039839842
360	msp_0389	-0.0009309704488967535
1519	msp_1946	-0.0009317143656498186
312	msp_0338	-0.0009357562997390307
1564	msp_0313	-0.0009456125117994229
1632	msp_2247	-0.0009486170075470245
1191	msp_1385	-0.0009487697662041105
876	msp_0982	-0.0009490547997049985
188	msp_0202	-0.0009499972823596813
1677	msp_2305	-0.0009517860059557666
380	msp_0411	-0.0009539280167665895
1603	msp_2214	-0.0009548785801354594
6	msp_0007	-0.0009562591442718081
56	msp_0060	-0.0009599244348690849
1324	msp_1589	-0.0009599502858582959
834	msp_0931	-0.0009604580239691589
993	msp_1126	-0.0009619010903911786
175	msp_0188	-0.0009624218104160956
404	msp_0439	-0.0009629626245570408
199	msp_0214	-0.000966581982732754
1379	msp_1673	-0.0009678262748772946
980	msp_1111	-0.0009687773859562578
1131	msp_1308	-0.0009722976813969915
1724	msp_2375	-0.0009736945685869578
612	msp_0670	-0.0009757646579566761
548	msp_0600c	-0.0009767223112304056
630	msp_0691	-0.0009769166253461073
1652	msp_2270	-0.000981119880047498
595	msp_0651	-0.0009815055407936732
1007	msp_1142	-0.0009815055407936732
838	msp_0938	-0.0009815055407936732
1072	msp_1227c	-0.0009815055407936732
461	msp_0501	-0.0009815055407936732
339	msp_0366	-0.0009815055407936732
247	msp_0264	-0.0009815055407936732
313	msp_0339	-0.0009815055407936732
603	msp_0659	-0.0009815055407936739
971	msp_1100	-0.000986902460780242
489	msp_0534	-0.0009908477645704653
111	msp_0119	-0.0009915174231311349
440	msp_0475	-0.0009920578168674638
751	msp_0831	-0.0009948583712663783
1312	msp_1568	-0.0009957787705617864
1838	msp_2568	-0.0009968681239859356
1819	msp_2538	-0.0009969725585172189
1252	msp_1473c	-0.0009971267758880698
395	msp_0429	-0.0009980986026321224
34	msp_0037	-0.0010045602818568983
22	msp_0023	-0.0010051255787507161
616	msp_0674	-0.0010093864095992733
69	msp_0073	-0.0010131361190246122
702	msp_0776	-0.0010132642444108128
1797	msp_2497	-0.0010145296355182215
110	msp_0118	-0.0010156521875701056
396	msp_0430	-0.0010189058005350678
142	msp_0152	-0.0010194086582742997
550	msp_0602c	-0.0010202571950556733
1828	msp_2555	-0.001022078051464391
741	msp_0820	-0.0010232213383671274
618	msp_0676	-0.001028393394908522
1313	msp_1570	-0.0010301149476024936
621	msp_0679	-0.0010307407984353517
134	msp_0143	-0.0010350926656678473
849	msp_0950c	-0.0010407069965142524
1508	msp_1933	-0.0010440246654898361
250	msp_0268	-0.0010525068922090878
1010	msp_1145	-0.0010525068922090878
1124	msp_1296c	-0.0010537366530843154
253	msp_0271	-0.001056992675642209
936	msp_1057c	-0.0010626363123065808
376	msp_0407	-0.0010643148727148275
735	msp_0814	-0.001065851678708772
172	msp_0185	-0.001066069465696607
1956	msp_2888	-0.001068596784774848
748	msp_0828	-0.0010692922515111703
972	msp_1101	-0.001071572772940315
517	msp_0565	-0.001073743310848779
1779	msp_2458	-0.0010763246905293217
539	msp_0588	-0.0010774033338996523
1242	msp_1461	-0.0010778627056373701
593	msp_0648	-0.0010782083597339757
7	msp_0008	-0.001081124033564225
369	msp_0399	-0.0010856609776901372
265	msp_0285	-0.0010883349497384975
219	msp_0236	-0.0010893797069751305
534	msp_0583	-0.0010994140456710578
1354	msp_1643c	-0.0011000357817187627
350	msp_0378	-0.0011018710477252972
513	msp_0561	-0.0011043616517791212
1320	msp_1581	-0.0011054418967489357
100	msp_0107	-0.0011056818105807697
524	msp_0572	-0.0011076866089987276
1245	msp_1465	-0.0011135950570188486
675	msp_0747	-0.0011138399630505566
1411	msp_1724	-0.0011163655869011761
352	msp_0381	-0.001119032398828431
258	msp_0276	-0.0011271180203992375
947	msp_1069	-0.0011305370298095169
295	msp_0319	-0.001131736234063654
897	msp_1009	-0.0011319778952758486
165	msp_0178	-0.0011345685169320632
1983	msp_2941	-0.0011366484966221677
1127	msp_1302	-0.0011385016161250463
1911	msp_2784	-0.0011489236995781728
1498	msp_1919	-0.0011489236995781728
1804	msp_2510	-0.0011489236995781728
1975	msp_2928	-0.0011489236995781728
1832	msp_2561	-0.0011489236995781728
1891	msp_2691	-0.0011489236995781728
1760	msp_2426	-0.0011489236995781728
1008	msp_1143	-0.0011489490815483915
789	msp_0876	-0.0011490516619479083
84	msp_0089	-0.0011521830114567546
826	msp_0922	-0.001152986723998897
1480	msp_1884	-0.0011545212932738559
314	msp_0340	-0.0011561530919895159
329	msp_0356	-0.0011589303922600416
164	msp_0177	-0.001159623427904522
1016	msp_1153	-0.0011610619086129385
769	msp_0852	-0.001161860833144329
505	msp_0552	-0.0011649366548910978
211	msp_0227	-0.0011684148576594148
201	msp_0216	-0.001178187391989322
994	msp_1127	-0.001179004793634247
941	msp_1062	-0.0011808115702477305
1142	msp_1323	-0.0011943272140598456
1314	msp_1571c	-0.0011966700726865633
1126	msp_1300c	-0.001197140849476406
1659	msp_2277	-0.0011999611565017148
1080	msp_1238	-0.0012000460994131801
1264	msp_1492	-0.0012027582603293062
124	msp_0133	-0.0012034456904966718
1516	msp_1942	-0.001205463762152965
245	msp_0262	-0.0012063845798801545
108	msp_0116	-0.001207972160571907
1362	msp_1653	-0.0012089071944419818
257	msp_0275	-0.0012157698381461896
1654	msp_2272	-0.0012171757000736753
1630	msp_2245	-0.001218751781361108
908	msp_1022	-0.001220322972260136
224	msp_0241	-0.0012231656197120582
1331	msp_1601	-0.0012258213129075265
1469	msp_1866	-0.0012258213129075265
687	msp_0761	-0.001234588418642959
634	msp_0696	-0.0012397688502048098
902	msp_1014	-0.0012418505416765312
277	msp_0299	-0.001244268373522939
791	msp_0878	-0.0012452113807856187
322	msp_0348	-0.0012464679270624754
232	msp_0249	-0.0012495909117809807
506	msp_0553	-0.0012513466012205549
767	msp_0850	-0.0012515663530117316
575	msp_0630	-0.0012524526918227625
326	msp_0353	-0.0012542434111559122
835	msp_0932	-0.0012544299103017813
30	msp_0033	-0.0012567650888280332
185	msp_0199	-0.001256929375211344
103	msp_0110	-0.0012615609163004438
1064	msp_1215	-0.00126620919307327
478	msp_0521	-0.001270270564142455
55	msp_0059	-0.0012712856215863697
689	msp_0763	-0.001272279170660631
294	msp_0318	-0.0012748756347624305
140	msp_0150c	-0.0012819253239878753
1280	msp_1522	-0.001282086744236498
12	msp_0013	-0.0012825104962248866
407	msp_0442	-0.0012828224694986807
1764	msp_2431	-0.0012850273431413866
82	msp_0087	-0.0012904917739553184
1571	msp_0833	-0.0012917560695484798
1792	msp_2489	-0.0012946007361677083
1530	msp_1977	-0.0013006176782951314
138	msp_0147	-0.001300630628013359
863	msp_0966	-0.0013014532388650048
419	msp_0454	-0.001301769692883615
955	msp_1081	-0.001303820930732798
1311	msp_1567	-0.0013124352766361827
362	msp_0391	-0.0013135534997665958
130	msp_0139	-0.0013141654302718214
76	msp_0080	-0.0013144376278055182
907	msp_1021	-0.0013156213157447575
1423	msp_1748	-0.0013173922546417796
718	msp_0794	-0.0013200273258198725
1152	msp_1337c	-0.001324225165775449
638	msp_0700	-0.0013314777882668073
1150	msp_1335	-0.0013376048525568995
1917	msp_2814	-0.0013424701987563162
241	msp_0258	-0.0013458174552673007
1441	msp_1788	-0.0013464766526026621
1795	msp_2494	-0.0013508071257555385
1681	msp_2312	-0.0013556929296837383
1524	msp_1964	-0.0013640516537994074
1175	msp_1365	-0.0013666798445971782
269	msp_0289	-0.0013673116971447033
571	msp_0626	-0.0013683737096493542
552	msp_0605	-0.001369831049444204
1458	msp_1850	-0.0013726435488141903
209	msp_0225	-0.001373767797385421
411	msp_0446c	-0.0013855960366325837
848	msp_0949	-0.0013886176054087695
439	msp_0474	-0.0013904591472478074
412	msp_0447	-0.0013941031414438244
1867	msp_2631	-0.0013965873927479205
1674	msp_2300	-0.0013974722567137365
470	msp_0510	-0.001407850207304027
1991	msp_2950	-0.0014089326294712827
1984	msp_2942	-0.0014103964637263513
1886	msp_2677	-0.0014139424242881728
413	msp_0448	-0.0014155581583016048
584	msp_0639	-0.0014156511833989312
1315	msp_1572	-0.001418901715734057
519	msp_0567	-0.0014282663373117452
1970	msp_2922	-0.001429351557600582
570	msp_0625	-0.001431891513951588
1184	msp_1377	-0.0014421557704328302
86	msp_0091	-0.0014435702561686845
1610	msp_2222	-0.001444125180663399
44	msp_0047	-0.0014462911970537424
1151	msp_1336	-0.001448095503537995
180	msp_0193	-0.0014498484300302303
192	msp_0206	-0.0014535223945287197
152	msp_0163	-0.001461461590297618
249	msp_0266	-0.001464022593011795
1325	msp_1590c	-0.0014652533705596215
937	msp_1058c	-0.0014675785161211929
214	msp_0230	-0.001467597334840508
605	msp_0662	-0.0014682134469250732
13	msp_0014	-0.0014727369093411739
837	msp_0937	-0.0014748092661173227
79	msp_0084	-0.001476529300264331
599	msp_0655	-0.0014767958938626884
167	msp_0180	-0.0014787414722649147
1110	msp_1279	-0.0014836561247319807
1590	msp_1786	-0.001484326525876676
1837	msp_2567	-0.0014916250287712552
1966	msp_2914	-0.0014930109569334256
300	msp_0325	-0.001496136851473531
228	msp_0245	-0.0015068843791004722
11	msp_0012	-0.0015098392685965573
1959	msp_2893	-0.0015160176995656536
97	msp_0104	-0.0015161901990565943
1746	msp_2401	-0.0015182060761631283
428	msp_0463	-0.0015216275483770335
880	msp_0986	-0.0015232373395699702
1918	msp_2818	-0.0015280890260649302
670	msp_0740	-0.001530775779523501
1973	msp_2926	-0.0015322041822993545
528	msp_0576	-0.0015377805102452422
1361	msp_1652	-0.0015407323631226213
694	msp_0768	-0.0015408137085036393
1408	msp_1718	-0.0015451056554368064
442	msp_0477	-0.0015454228647150989
792	msp_0879	-0.0015495300863211114
1493	msp_1908	-0.001552792593780515
467	msp_0507	-0.001555536067688546
126	msp_0135	-0.0015634690622556996
345	msp_0373	-0.0015670055950592638
737	msp_0816c	-0.0015714531156147793
1507	msp_1932	-0.001579171795158095
1117	msp_1287	-0.001582567943691873
1036	msp_1177	-0.0015863579622419559
777	msp_0861	-0.0015932316090649563
1878	msp_2655	-0.0015958805450132835
117	msp_0126	-0.0016016343953090184
762	msp_0844c	-0.0016050806590302057
398	msp_0432	-0.00160806621080235
2	msp_0003	-0.0016185785602405509
342	msp_0369	-0.001626881921729823
786	msp_0873	-0.001629089315291037
547	msp_0599	-0.0016315723374273694
901	msp_1013	-0.0016429733004114145
1029	msp_1168	-0.0016441206133420382
1383	msp_1677	-0.0016491462434952376
127	msp_0136	-0.0016520247008480777
104	msp_0111	-0.0016543486479032462
1308	msp_1562	-0.0016677255518615366
447	msp_0484	-0.001692101022786656
1586	msp_1603c	-0.0017031857254283197
1615	msp_2227	-0.0017051430247414386
1399	msp_1704c	-0.001714133618560396
1566	msp_0482	-0.0017198655512274917
332	msp_0359	-0.0017208521401709737
286	msp_0308	-0.0017315627957168933
1144	msp_1325	-0.0017329893985794105
636	msp_0698	-0.0017377417924531369
1892	msp_2692	-0.001754837926708573
341	msp_0368c	-0.0017561107499408115
1479	msp_1883	-0.0017595941794015279
1558	msp_0026	-0.0017692912333506477
954	msp_1078	-0.0017719314514885339
150	msp_0161	-0.0017736758319746228
1766	msp_2434	-0.001775366802031384
20	msp_0021	-0.0017760013724863485
1660	msp_2280	-0.0017764161042882068
1105	msp_1270	-0.0017859683116919587
256	msp_0274	-0.0017879202257478361
1321	msp_1584	-0.0017973419356865751
1880	msp_2660	-0.0017997881322378722
123	msp_0132	-0.0018017390665966318
233	msp_0250	-0.0018043737372092988
635	msp_0697	-0.0018208113413716188
425	msp_0460	-0.0018278526868905946
205	msp_0221	-0.0018281983845997685
1068	msp_1220	-0.001833363583613947
1085	msp_1244	-0.0018336024743947864
316	msp_0342	-0.001839959449616204
18	msp_0019	-0.0018439434756060405
466	msp_0506	-0.0018480937024970949
116	msp_0125	-0.0018586215305962384
825	msp_0919	-0.001859010195799964
1033	msp_1173c	-0.001860902002322586
102	msp_0109	-0.0018628589925671285
632	msp_0693	-0.001876865121800004
271	msp_0291	-0.0018860788643181047
693	msp_0767	-0.0018981792385918618
158	msp_0171	-0.0019107040658940442
75	msp_0079	-0.0019122134457601131
1633	msp_2249	-0.0019157603709400587
1955	msp_2887	-0.0019315939575839992
333	msp_0360	-0.0019341646103418885
1276	msp_1515	-0.0019369039534185384
813	msp_0906	-0.0019399449704429748
41	msp_0044	-0.0019412847770891408
1125	msp_1299	-0.0019425400811308561
568	msp_0623	-0.0019446119804246275
222	msp_0239	-0.0019471741358228825
422	msp_0457	-0.0019484967690957245
53	msp_0057	-0.001957136303463099
1814	msp_2531	-0.0019702539979453
445	msp_0480	-0.001972975072768604
794	msp_0883	-0.0020057269848182285
436	msp_0471	-0.0020120560702840697
1521	msp_1948	-0.0020137535043977307
311	msp_0337	-0.0020225038650438024
63	msp_0067	-0.002023727091027181
10	msp_0011	-0.0020253683442786547
821	msp_0914	-0.0020305340427288917
229	msp_0246	-0.002031306872645989
543	msp_0595	-0.0020314393391120435
1600	msp_1810	-0.0020318787318741294
865	msp_0969	-0.0020445200713614686
822	msp_0916	-0.002046890290981406
285	msp_0307	-0.0020531241155679514
698	msp_0772	-0.002060975201640399
654	msp_0722	-0.00207273192598752
926	msp_1046	-0.0020805809103613903
1810	msp_2518	-0.0020848466941807767
125	msp_0134	-0.0020883886291605314
139	msp_0148c	-0.002122520483886447
183	msp_0196	-0.002138192570561462
87	msp_0092	-0.0021428452924053534
21	msp_0022	-0.0021485793546902167
144	msp_0154	-0.0021507164696928675
516	msp_0564	-0.002181337278138224
871	msp_0977	-0.0021972920936639885
1078	msp_1236	-0.0021998624964312905
1153	msp_1339	-0.0022000766647284815
1353	msp_1641	-0.0022047940630431483
1323	msp_1588	-0.0022432162373840886
47	msp_0050	-0.0022471322282060957
1676	msp_2302	-0.002264960636345773
1986	msp_2944	-0.00226989881007795
262	msp_0280	-0.002279946431284407
752	msp_0832	-0.00228527913200224
833	msp_0930	-0.0022884245565952437
1581	msp_1453	-0.002309442586162694
88	msp_0093	-0.002314396360978851
499	msp_0545	-0.0023392783934177803
1584	msp_1489c	-0.002356771470146001
106	msp_0113	-0.0023585751027777814
540	msp_0591	-0.002360906778802795
696	msp_0770	-0.002373723033346471
469	msp_0509	-0.002393884264330766
115	msp_0124	-0.0024068268853861684
402	msp_0436	-0.002419527848475302
1166	msp_1356	-0.002421333499294378
48	msp_0052	-0.0024354520132643747
486	msp_0530	-0.0024367704787177993
43	msp_0046	-0.0024438914820044174
67	msp_0071	-0.00246189772898543
62	msp_0066	-0.0024643216855212004
51	msp_0055	-0.0024757902662504217
790	msp_0877	-0.002479830367602502
900	msp_1012	-0.0024928248410999764
795	msp_0884	-0.002499228884883302
159	msp_0172	-0.0025305195195647915
1707	msp_2350	-0.0025417116677634395
72	msp_0076	-0.002557992555188496
356	msp_0385	-0.002565888890283269
330	msp_0357	-0.0025952805670793042
19	msp_0020	-0.0026011643590137606
592	msp_0647	-0.0026056452339465034
194	msp_0208	-0.0026438474267620805
143	msp_0153	-0.0027045761294566934
432	msp_0467	-0.002716728315425872
320	msp_0346	-0.0027473797864511194
59	msp_0063	-0.002767480694914583
122	msp_0131	-0.002790074579711997
525	msp_0573	-0.0027903078196774554
948	msp_1070	-0.0028135878598385196
802	msp_0893	-0.0028215013181781736
695	msp_0769	-0.002823121033914035
433	msp_0468	-0.002844153918527324
242	msp_0259	-0.002892285014091241
1637	msp_2254	-0.002930087811806436
359	msp_0388	-0.002943411858236428
198	msp_0213	-0.003107963695309879
983	msp_1114	-0.003123913913217063
133	msp_0142	-0.0031972350815613745
16	msp_0017	-0.0032261647707991425
443	msp_0478	-0.003278972743564203
337	msp_0364	-0.003283534387797484
479	msp_0522	-0.0033859519687861337
23	msp_0024	-0.003450805950260269
1213	msp_1418c	-0.0034518119270038916
54	msp_0058	-0.0035251772539485813
649	msp_0713	-0.0035301830425632633
8	msp_0009	-0.0035494602862451326
1188	msp_1381	-0.003644273931054115
306	msp_0331	-0.0038316712538762876
52	msp_0056	-0.0038875607872220315
566	msp_0621	-0.0038968865619319138
279	msp_0301	-0.003932673818336738
1161	msp_1349	-0.004028683907793712
939	msp_1060c	-0.004169690608371494
1634	msp_2250	-0.004311318297289641
1565	msp_0380	-0.00463688305974025
672	msp_0742	-0.00483139123908811
96	msp_0103	-0.0051117544284614005
